id,first_name,last_name,email,gender,ip_address
1,Martino,Romeuf,mromeuf0@salon.com,Male,138.98.202.110
2,Urbain,Percy,upercy1@eventbrite.com,Polygender,221.227.213.43
3,Matthus,Sugars,msugars2@sfgate.com,Male,253.92.136.94
4,Jayson,Eldridge,jeldridge3@craigslist.org,Male,47.252.17.23
5,Jarib,Thunderchief,jthunderchief4@xinhuanet.com,Male,189.198.42.65
6,Krystalle,McVity,kmcvity5@com.com,Female,74.34.213.206
7,Paco,Aitken,paitken6@geocities.com,Male,24.199.92.132
8,Freida,Brome,fbrome7@ebay.com,Female,157.85.182.195
9,Jervis,Colbourn,jcolbourn8@webs.com,Male,47.151.243.172
10,Kerrill,Jancy,kjancy9@arizona.edu,Female,150.182.176.121
11,Jillian,Sudlow,jsudlowa@deviantart.com,Female,97.68.253.163
12,Lorrie,Waberer,lwabererb@a8.net,Male,222.49.156.50
13,Allis,McGahey,amcgaheyc@google.co.jp,Female,0.14.169.137
14,Harriott,Robecon,hrobecond@washingtonpost.com,Female,10.217.139.215
15,Katine,Witts,kwittse@narod.ru,Female,96.146.62.86
16,Rurik,Isson,rissonf@nba.com,Agender,236.169.158.8
17,Seline,Haburne,shaburneg@google.fr,Female,92.184.127.9
18,Niels,Thandi,nthandih@paypal.com,Male,2.56.179.85
19,Garret,Vayro,gvayroi@networkadvertising.org,Male,109.194.186.225
20,Christa,Richold,cricholdj@slideshare.net,Female,74.186.106.98
21,Malina,Ghest,mghestk@seattletimes.com,Female,42.31.205.32
22,Keri,Lumly,klumlyl@domainmarket.com,Female,30.13.24.216
23,Thorny,Lilian,tlilianm@fotki.com,Male,42.9.54.252
24,Germaine,Woodage,gwoodagen@mediafire.com,Male,204.216.198.159
25,Lynea,Bonnefin,lbonnefino@yandex.ru,Female,202.45.171.167
26,Mada,Couch,mcouchp@etsy.com,Female,238.150.92.0
27,Kerrin,Alenichicov,kalenichicovq@paypal.com,Female,241.20.150.255
28,Vicki,Darkott,vdarkottr@irs.gov,Female,147.135.126.18
29,Quinton,Phlippi,qphlippis@unesco.org,Male,10.0.32.21
30,Harp,Richings,hrichingst@360.cn,Male,137.7.127.239
31,Dionisio,Irce,dirceu@i2i.jp,Male,45.95.137.41
32,Antonio,Figiovanni,afigiovanniv@bravesites.com,Male,190.118.50.104
33,Rinaldo,Reford,rrefordw@pbs.org,Male,228.197.50.110
34,Allyson,Wallenger,awallengerx@spotify.com,Female,198.118.90.59
35,Maure,Grumbridge,mgrumbridgey@scribd.com,Female,172.181.172.7
36,Constantino,Balcon,cbalconz@bloomberg.com,Male,20.121.210.159
37,Filberto,Hunston,fhunston10@163.com,Male,183.99.94.216
38,Claire,Moreside,cmoreside11@soundcloud.com,Female,49.160.105.195
39,Therese,Muncaster,tmuncaster12@google.com.br,Female,226.118.133.207
40,Benjy,Auletta,bauletta13@wufoo.com,Male,116.191.21.7
41,Fredelia,Tiley,ftiley14@senate.gov,Genderqueer,18.70.71.177
42,Elissa,Bolliver,ebolliver15@joomla.org,Female,69.221.151.113
43,Obadiah,Gittens,ogittens16@usgs.gov,Male,60.219.45.95
44,Dylan,Sillitoe,dsillitoe17@usa.gov,Male,150.218.17.251
45,Carola,Henri,chenri18@discovery.com,Female,225.89.47.149
46,Windy,Guido,wguido19@rambler.ru,Female,149.88.222.94
47,Aloise,Longhorne,alonghorne1a@nsw.gov.au,Female,130.91.32.50
48,Jermaine,Voysey,jvoysey1b@w3.org,Male,92.205.254.243
49,Lalo,Gerrets,lgerrets1c@nps.gov,Male,46.4.253.232
50,Guglielmo,Bairnsfather,gbairnsfather1d@berkeley.edu,Male,187.207.255.76
51,Leda,Paumier,lpaumier1e@google.cn,Female,12.193.62.107
52,Hartwell,Simkovich,hsimkovich1f@omniture.com,Male,162.123.187.78
53,Aldis,Soff,asoff1g@nyu.edu,Male,122.8.75.206
54,Anderea,Hurne,ahurne1h@jigsy.com,Female,228.38.112.24
55,Pancho,Abeau,pabeau1i@earthlink.net,Male,124.130.197.195
56,Kass,Eason,keason1j@gravatar.com,Female,83.202.165.198
57,Hubey,Karpychev,hkarpychev1k@360.cn,Genderfluid,152.188.10.26
58,Elle,Girardez,egirardez1l@washingtonpost.com,Female,245.38.178.204
59,Fields,Trayford,ftrayford1m@fema.gov,Male,77.191.197.61
60,Frederique,Thunders,fthunders1n@mapquest.com,Agender,7.202.214.200
61,Flem,Candish,fcandish1o@dailymail.co.uk,Male,5.167.66.21
62,Tessie,Tzuker,ttzuker1p@google.com.br,Polygender,245.205.213.225
63,Alvina,Swateridge,aswateridge1q@vkontakte.ru,Female,15.171.14.237
64,Wallie,Dungate,wdungate1r@biglobe.ne.jp,Female,49.29.239.93
65,Egor,Gorce,egorce1s@seattletimes.com,Male,81.134.47.228
66,Corbie,Eim,ceim1t@purevolume.com,Male,227.136.140.173
67,Tudor,Hovie,thovie1u@desdev.cn,Male,101.85.15.236
68,Yorker,Corneck,ycorneck1v@goo.ne.jp,Male,188.118.138.2
69,Anthe,Howarth,ahowarth1w@typepad.com,Genderqueer,16.185.153.203
70,Sansone,Bizley,sbizley1x@twitpic.com,Male,24.8.198.149
71,Corine,Sephton,csephton1y@networksolutions.com,Female,246.107.251.246
72,Grata,Boorne,gboorne1z@google.com.hk,Female,170.177.172.209
73,Fielding,Gilhouley,fgilhouley20@harvard.edu,Male,208.50.62.111
74,Shelton,Vettore,svettore21@wp.com,Male,150.241.128.171
75,Burty,Pikesley,bpikesley22@de.vu,Male,32.169.107.116
76,Zebadiah,Westpfel,zwestpfel23@desdev.cn,Male,16.26.50.241
77,Derby,Syvret,dsyvret24@privacy.gov.au,Male,13.82.187.249
78,Concordia,Eseler,ceseler25@discovery.com,Agender,72.107.231.179
79,Thurston,Bowmer,tbowmer26@sun.com,Male,120.16.109.186
80,Lefty,Honsch,lhonsch27@g.co,Male,246.119.103.255
81,Faina,McComb,fmccomb28@arstechnica.com,Female,178.255.222.233
82,Jaime,Jedrzaszkiewicz,jjedrzaszkiewicz29@chronoengine.com,Female,243.102.167.167
83,Hermina,Canellas,hcanellas2a@clickbank.net,Female,210.147.7.77
84,Joelynn,Wigsell,jwigsell2b@yahoo.co.jp,Female,174.225.178.113
85,Gretta,Prowting,gprowting2c@desdev.cn,Female,87.124.78.254
86,Bendicty,Bohlsen,bbohlsen2d@usda.gov,Male,60.99.198.59
87,Maurise,Quixley,mquixley2e@t.co,Male,156.69.89.112
88,Becky,Rebert,brebert2f@howstuffworks.com,Non-binary,8.124.196.161
89,Tera,McCart,tmccart2g@skype.com,Female,195.108.57.193
90,Oralla,Rimes,orimes2h@spotify.com,Female,79.94.236.184
91,Tillie,Corris,tcorris2i@drupal.org,Female,238.241.111.38
92,Consalve,Jewks,cjewks2j@prnewswire.com,Male,108.150.234.134
93,Curt,Bulford,cbulford2k@ycombinator.com,Male,20.163.77.115
94,Sergeant,MacBean,smacbean2l@acquirethisname.com,Male,250.182.69.95
95,Donelle,Leathart,dleathart2m@washingtonpost.com,Female,11.102.69.93
96,Angel,Philp,aphilp2n@mozilla.com,Female,134.209.135.108
97,Pepita,Yukhtin,pyukhtin2o@home.pl,Female,198.101.183.106
98,Yovonnda,Castilla,ycastilla2p@amazon.co.uk,Female,137.107.71.81
99,Pauletta,Leap,pleap2q@ebay.com,Female,178.179.213.155
100,Dasi,Calderwood,dcalderwood2r@apache.org,Non-binary,34.18.158.232
101,Deane,Mervyn,dmervyn2s@icq.com,Female,62.135.227.197
102,My,Simeoni,msimeoni2t@telegraph.co.uk,Male,225.237.167.129
103,Johann,Moraleda,jmoraleda2u@technorati.com,Male,6.156.42.72
104,Guss,Simyson,gsimyson2v@biglobe.ne.jp,Male,81.36.164.97
105,Carroll,Drinkhill,cdrinkhill2w@usatoday.com,Male,50.131.14.26
106,Whitaker,Pischof,wpischof2x@hao123.com,Male,150.50.154.102
107,Janifer,Baise,jbaise2y@vkontakte.ru,Female,90.67.178.113
108,Matelda,Iaduccelli,miaduccelli2z@vinaora.com,Female,26.74.103.225
109,Alexandra,Hearle,ahearle30@joomla.org,Female,99.29.216.184
110,Miriam,McGing,mmcging31@yahoo.co.jp,Female,175.208.177.125
111,Lesly,Lowensohn,llowensohn32@amazon.co.uk,Female,146.147.16.198
112,Cthrine,Barbie,cbarbie33@indiegogo.com,Female,72.87.244.145
113,Jenine,Smithies,jsmithies34@tripod.com,Female,177.254.40.193
114,Brandtr,Shanklin,bshanklin35@reddit.com,Male,53.105.140.200
115,Harris,Kynge,hkynge36@123-reg.co.uk,Male,0.206.237.177
116,Nannette,Quan,nquan37@twitter.com,Female,44.120.232.132
117,Jarrod,Theurer,jtheurer38@webeden.co.uk,Male,218.247.75.183
118,Uriel,Ionesco,uionesco39@scientificamerican.com,Male,113.115.225.180
119,Rollin,Baline,rbaline3a@weebly.com,Male,123.214.253.109
120,Wylma,Annon,wannon3b@utexas.edu,Female,89.16.195.58
121,Maye,Labroue,mlabroue3c@so-net.ne.jp,Female,30.122.121.31
122,Eugen,Raven,eraven3d@china.com.cn,Male,102.160.150.141
123,Lotta,Urry,lurry3e@reference.com,Female,187.169.72.217
124,Tracey,Ansill,tansill3f@amazon.de,Female,186.197.29.40
125,Daniella,Domanski,ddomanski3g@sbwire.com,Female,97.200.213.59
126,Crista,Mighele,cmighele3h@shop-pro.jp,Female,188.160.16.206
127,Janis,Hordell,jhordell3i@csmonitor.com,Female,229.68.145.46
128,Nathaniel,Blackster,nblackster3j@deliciousdays.com,Male,187.54.199.98
129,North,Mary,nmary3k@sitemeter.com,Male,69.215.27.116
130,Aluin,Clayfield,aclayfield3l@globo.com,Male,66.108.89.72
131,Sumner,Silverman,ssilverman3m@globo.com,Male,226.181.208.183
132,Nestor,Brezlaw,nbrezlaw3n@example.com,Male,164.225.244.225
133,Edward,Jordin,ejordin3o@mtv.com,Male,154.249.215.109
134,Gar,Bance,gbance3p@salon.com,Male,29.186.161.122
135,Yankee,von Hagt,yvonhagt3q@aol.com,Male,220.249.52.90
136,Raf,Guerry,rguerry3r@wiley.com,Female,57.76.98.102
137,Dorie,Champness,dchampness3s@businesswire.com,Female,206.121.255.157
138,Rayner,Munsey,rmunsey3t@nbcnews.com,Male,35.153.108.141
139,Florrie,Bispham,fbispham3u@imgur.com,Female,128.24.31.190
140,Konstantine,Arthan,karthan3v@xinhuanet.com,Male,186.156.192.24
141,Susan,Cryer,scryer3w@youku.com,Female,120.92.203.148
142,Engelbert,Jilliss,ejilliss3x@webeden.co.uk,Male,126.96.207.202
143,Wallace,Thornthwaite,wthornthwaite3y@google.com.au,Male,131.154.74.217
144,Gilberto,Dovidaitis,gdovidaitis3z@tinyurl.com,Male,227.197.116.184
145,Gerladina,Jansky,gjansky40@examiner.com,Female,47.78.156.113
146,Simmonds,McKeighan,smckeighan41@apple.com,Male,245.71.70.74
147,Burke,Petren,bpetren42@yandex.ru,Male,92.169.2.165
148,Wittie,Battson,wbattson43@diigo.com,Male,240.143.160.187
149,Nicky,Borwick,nborwick44@cmu.edu,Non-binary,66.192.104.58
150,Jehanna,Jotham,jjotham45@disqus.com,Female,9.233.162.185
151,Amity,Cosford,acosford46@patch.com,Female,126.43.116.214
152,Kipper,Corby,kcorby47@ask.com,Male,182.214.89.83
153,Wylma,Pretor,wpretor48@cbslocal.com,Female,75.64.135.48
154,Gino,Fane,gfane49@alexa.com,Male,3.3.80.156
155,Jennica,Gellier,jgellier4a@e-recht24.de,Female,228.53.183.62
156,Ofilia,Marr,omarr4b@microsoft.com,Female,163.152.13.120
157,Sibby,Gildroy,sgildroy4c@nature.com,Female,228.152.93.74
158,Linoel,Grierson,lgrierson4d@deliciousdays.com,Male,125.117.167.153
159,Dav,Iacomettii,diacomettii4e@theatlantic.com,Genderfluid,0.198.10.49
160,Eleonore,Surmeyers,esurmeyers4f@multiply.com,Female,93.222.185.97
161,Bel,Coggan,bcoggan4g@sun.com,Female,119.86.216.74
162,Tressa,Slaymaker,tslaymaker4h@last.fm,Female,229.227.168.179
163,Dasie,Fairlem,dfairlem4i@comcast.net,Polygender,128.112.160.108
164,Hanan,Boylan,hboylan4j@amazon.co.uk,Male,94.97.247.123
165,Dylan,Goodridge,dgoodridge4k@apple.com,Genderqueer,21.82.242.153
166,Kimbell,Keating,kkeating4l@fastcompany.com,Male,116.206.150.242
167,Turner,Readwing,treadwing4m@theatlantic.com,Male,247.109.126.137
168,Wilma,Quincey,wquincey4n@twitter.com,Agender,13.190.13.245
169,Randa,Harborow,rharborow4o@joomla.org,Female,12.123.212.31
170,Kristan,Firbanks,kfirbanks4p@sina.com.cn,Female,58.220.1.14
171,Rossy,Sives,rsives4q@loc.gov,Male,117.152.42.84
172,Raffarty,Durrant,rdurrant4r@icq.com,Agender,77.152.130.6
173,Nathanael,Sabate,nsabate4s@sciencedirect.com,Genderqueer,21.93.134.180
174,Paule,Gaunson,pgaunson4t@g.co,Female,2.70.206.216
175,Delores,Heffer,dheffer4u@geocities.com,Female,118.208.50.125
176,Lin,Diggell,ldiggell4v@tiny.cc,Male,87.118.145.84
177,Arlinda,Camlin,acamlin4w@is.gd,Female,140.122.171.240
178,Korey,Firpo,kfirpo4x@stanford.edu,Male,39.235.146.190
179,Cyrus,Keilty,ckeilty4y@goodreads.com,Male,85.198.24.45
180,Brendon,Whates,bwhates4z@mlb.com,Male,48.195.111.75
181,Hillard,Cringle,hcringle50@whitehouse.gov,Agender,152.253.63.86
182,Ikey,Blinder,iblinder51@pinterest.com,Male,87.245.77.88
183,Rikki,Billsberry,rbillsberry52@pagesperso-orange.fr,Female,7.169.8.37
184,Standford,Letch,sletch53@nature.com,Male,44.158.185.81
185,Cyril,Tubridy,ctubridy54@google.fr,Male,37.155.233.231
186,Melva,Le land,mleland55@paginegialle.it,Non-binary,83.218.65.68
187,Lodovico,Atrill,latrill56@amazon.co.uk,Male,254.0.87.204
188,Vannie,Clemetts,vclemetts57@wikia.com,Female,20.55.214.145
189,Clara,Vogele,cvogele58@apache.org,Female,87.128.67.78
190,Glen,Giblin,ggiblin59@bizjournals.com,Male,219.38.239.17
191,Alanna,Bannester,abannester5a@wikia.com,Female,234.158.105.151
192,Rochester,Winward,rwinward5b@weather.com,Male,245.43.207.150
193,Mildred,de Guise,mdeguise5c@amazon.co.jp,Female,170.101.235.97
194,Koressa,Colt,kcolt5d@nyu.edu,Female,89.110.38.113
195,Janessa,Johansson,jjohansson5e@icio.us,Female,127.204.194.50
196,Kimbell,Gloyens,kgloyens5f@webeden.co.uk,Male,209.232.219.235
197,Cortie,Kinner,ckinner5g@nydailynews.com,Male,227.80.45.132
198,Godiva,Folbigg,gfolbigg5h@google.pl,Female,182.45.203.17
199,Zahara,Leppington,zleppington5i@php.net,Female,204.69.225.216
200,Becca,O'Sherin,bosherin5j@dailymotion.com,Female,198.78.170.199
201,Michaella,Stroulger,mstroulger5k@multiply.com,Female,58.20.210.144
202,Luelle,Shefton,lshefton5l@nasa.gov,Female,123.43.161.123
203,Danit,Bengtson,dbengtson5m@moonfruit.com,Female,159.184.56.195
204,Thaxter,Shyram,tshyram5n@mozilla.org,Male,71.1.168.199
205,Haroun,Buggs,hbuggs5o@creativecommons.org,Male,134.204.85.245
206,Hunt,Sandeford,hsandeford5p@princeton.edu,Male,60.75.186.21
207,Morganica,Balsillie,mbalsillie5q@chron.com,Female,144.80.106.177
208,Emmet,Sherry,esherry5r@tmall.com,Male,185.193.62.190
209,Harriett,Rae,hrae5s@nydailynews.com,Female,177.223.218.89
210,Elaina,MacDuff,emacduff5t@mail.ru,Female,39.85.146.129
211,Tedman,Luther,tluther5u@chron.com,Male,151.93.233.145
212,Sigismundo,Dufall,sdufall5v@gravatar.com,Genderqueer,82.41.136.146
213,Issi,Finlayson,ifinlayson5w@alexa.com,Female,16.94.101.22
214,Winnie,Allery,wallery5x@flavors.me,Male,206.25.165.251
215,Clare,Soigne,csoigne5y@moonfruit.com,Female,156.84.149.77
216,Felice,Koles,fkoles5z@twitter.com,Female,240.66.151.59
217,Georgina,Eliff,geliff60@acquirethisname.com,Female,86.177.45.165
218,Lil,Phippin,lphippin61@hubpages.com,Female,232.54.161.135
219,Rey,Londors,rlondors62@wp.com,Male,106.15.14.14
220,Natalie,Hof,nhof63@delicious.com,Female,225.164.128.101
221,Beitris,Hlavac,bhlavac64@skype.com,Female,246.63.67.41
222,Maximilian,Gravett,mgravett65@goo.gl,Male,57.248.171.51
223,Eugene,Alanbrooke,ealanbrooke66@illinois.edu,Male,96.255.123.194
224,Michal,Baumaier,mbaumaier67@boston.com,Female,68.230.76.233
225,Efrem,Clementi,eclementi68@php.net,Bigender,152.182.71.42
226,Lorrin,Pollendine,lpollendine69@unblog.fr,Female,137.172.62.116
227,Joanie,Brazelton,jbrazelton6a@ocn.ne.jp,Female,208.16.241.157
228,Aluin,Andor,aandor6b@360.cn,Male,195.123.6.114
229,Dore,Helin,dhelin6c@virginia.edu,Male,181.237.19.85
230,Nomi,Rodrigues,nrodrigues6d@intel.com,Female,20.81.122.146
231,Parrnell,Braxton,pbraxton6e@woothemes.com,Male,207.33.216.130
232,Temp,Bewly,tbewly6f@discovery.com,Male,172.178.211.0
233,Susanna,Hoff,shoff6g@businessweek.com,Female,215.135.101.228
234,Salomo,Caroli,scaroli6h@free.fr,Male,138.184.156.160
235,Oriana,Iacobo,oiacobo6i@latimes.com,Female,20.248.50.108
236,Dania,Trimble,dtrimble6j@canalblog.com,Female,225.165.25.106
237,Rutter,Hof,rhof6k@yandex.ru,Male,39.173.149.132
238,Devy,Millson,dmillson6l@ask.com,Male,133.174.53.149
239,Pennie,Le Breton De La Vieuville,plebretondelavieuville6m@disqus.com,Male,138.91.180.253
240,Travis,Charge,tcharge6n@comcast.net,Male,105.212.130.129
241,Barri,Micheu,bmicheu6o@nbcnews.com,Male,22.249.168.122
242,Joellyn,Habens,jhabens6p@altervista.org,Female,169.42.48.32
243,Sonnnie,Corns,scorns6q@nbcnews.com,Female,39.15.229.86
244,Ninnette,Vernon,nvernon6r@dell.com,Female,114.225.226.183
245,Hermine,Forbear,hforbear6s@techcrunch.com,Female,148.162.115.47
246,Frederik,Abarough,fabarough6t@taobao.com,Male,0.237.126.223
247,Ana,Graysmark,agraysmark6u@nymag.com,Female,40.127.90.200
248,Elana,Ruberry,eruberry6v@virginia.edu,Female,209.36.119.219
249,Marrilee,Resdale,mresdale6w@answers.com,Female,137.10.142.156
250,Allison,Grigoletti,agrigoletti6x@addtoany.com,Female,143.237.201.108
251,Alia,Godart,agodart6y@elegantthemes.com,Genderfluid,146.195.178.169
252,Catlin,Di Claudio,cdiclaudio6z@t.co,Female,119.129.191.35
253,Audrie,Koppens,akoppens70@imdb.com,Female,188.27.126.172
254,Jacquenetta,MacRannell,jmacrannell71@va.gov,Female,27.118.64.174
255,Izabel,Rable,irable72@google.com.hk,Female,242.29.19.25
256,Adrian,Farress,afarress73@newyorker.com,Male,60.41.194.134
257,Kitti,Karslake,kkarslake74@apache.org,Female,16.223.65.104
258,Camila,Broadberry,cbroadberry75@economist.com,Genderqueer,135.249.121.83
259,Fallon,Davers,fdavers76@pen.io,Female,154.11.251.62
260,Barbette,Ferruzzi,bferruzzi77@ucla.edu,Female,238.22.184.210
261,Carena,Runcie,cruncie78@chicagotribune.com,Female,13.200.168.142
262,Crystal,Manterfield,cmanterfield79@scientificamerican.com,Female,152.81.50.251
263,Mariquilla,Sciacovelli,msciacovelli7a@theatlantic.com,Bigender,106.246.187.16
264,Eirena,MacDiarmond,emacdiarmond7b@howstuffworks.com,Female,180.141.73.31
265,Delora,Johl,djohl7c@businessweek.com,Female,138.148.22.240
266,Lilith,Burrill,lburrill7d@reuters.com,Female,225.11.171.154
267,Elizabeth,Dorot,edorot7e@etsy.com,Female,50.211.99.243
268,Solomon,Anthiftle,santhiftle7f@quantcast.com,Male,242.187.19.6
269,Jeannie,Romanski,jromanski7g@independent.co.uk,Female,246.105.54.202
270,Finley,De Caroli,fdecaroli7h@gizmodo.com,Male,217.249.228.174
271,Annabel,Hedges,ahedges7i@51.la,Female,198.146.183.151
272,Muffin,Hitzke,mhitzke7j@dyndns.org,Female,94.120.154.58
273,Randal,Sidney,rsidney7k@google.it,Male,40.153.28.54
274,Adel,Aldrich,aaldrich7l@vk.com,Female,225.50.231.69
275,Avivah,Baskwell,abaskwell7m@sbwire.com,Female,62.171.35.49
276,Reynold,Kilgallon,rkilgallon7n@imdb.com,Male,76.63.219.18
277,Renard,Cobb,rcobb7o@ebay.com,Male,128.145.150.37
278,Corette,Babbe,cbabbe7p@chronoengine.com,Female,11.198.221.224
279,Joyce,Cranidge,jcranidge7q@facebook.com,Female,202.101.136.199
280,Lilias,Mullaney,lmullaney7r@ox.ac.uk,Female,187.38.253.254
281,Adria,Foulcher,afoulcher7s@51.la,Female,91.131.177.131
282,Bartel,McPhaden,bmcphaden7t@chron.com,Male,149.164.164.72
283,Debbi,Lettuce,dlettuce7u@slate.com,Female,51.43.153.206
284,Ermina,Beale,ebeale7v@cam.ac.uk,Female,164.183.11.163
285,Tommi,Spurway,tspurway7w@kickstarter.com,Female,70.173.154.246
286,Leshia,Levi,llevi7x@seesaa.net,Female,189.210.93.64
287,Selestina,Minocchi,sminocchi7y@xinhuanet.com,Female,14.255.156.23
288,Gregg,Wildbore,gwildbore7z@un.org,Male,164.117.126.253
289,Dorothea,Lyal,dlyal80@example.com,Female,114.171.9.137
290,Glenda,Cardenoso,gcardenoso81@auda.org.au,Female,229.167.90.205
291,Curran,Maccrie,cmaccrie82@digg.com,Male,66.176.60.76
292,Ginger,Malham,gmalham83@usa.gov,Female,124.237.221.203
293,Sarina,McLagain,smclagain84@auda.org.au,Female,57.62.206.183
294,Maris,Adshead,madshead85@virginia.edu,Female,101.3.152.22
295,Quinn,Grigson,qgrigson86@google.nl,Female,104.192.130.184
296,Ilario,Owthwaite,iowthwaite87@wikimedia.org,Genderqueer,248.232.170.151
297,Becki,Beglin,bbeglin88@virginia.edu,Female,97.76.159.173
298,Brock,Gonnely,bgonnely89@deliciousdays.com,Male,163.245.74.55
299,Babette,Simper,bsimper8a@foxnews.com,Female,186.135.110.192
300,Urban,Widdecombe,uwiddecombe8b@free.fr,Male,194.50.74.135
301,Helsa,Leyzell,hleyzell8c@dedecms.com,Female,110.35.248.115
302,Carolan,Sentinella,csentinella8d@archive.org,Female,203.201.209.105
303,Dylan,Muzzollo,dmuzzollo8e@wikia.com,Male,5.0.67.94
304,Aldo,Skill,askill8f@discuz.net,Non-binary,215.231.241.66
305,Sybilla,Painten,spainten8g@europa.eu,Female,67.240.23.175
306,Xenia,Flintoff,xflintoff8h@hc360.com,Female,200.185.72.19
307,Skye,Fearne,sfearne8i@google.es,Male,229.183.134.162
308,Darda,Cowill,dcowill8j@behance.net,Female,35.206.253.96
309,Valeda,Brattell,vbrattell8k@naver.com,Female,176.137.212.240
310,Blair,Lorenzetti,blorenzetti8l@youku.com,Female,255.220.233.32
311,Rip,Anker,ranker8m@hubpages.com,Male,57.69.156.106
312,Jackqueline,Spanswick,jspanswick8n@4shared.com,Genderfluid,74.104.146.175
313,Damian,Breckon,dbreckon8o@newsvine.com,Male,87.247.64.29
314,Chevalier,Balden,cbalden8p@imgur.com,Male,184.48.77.188
315,Allianora,Lawtie,alawtie8q@creativecommons.org,Female,5.70.78.216
316,Timmy,Newson,tnewson8r@pbs.org,Male,8.127.126.9
317,Tilda,Creighton,tcreighton8s@typepad.com,Female,186.34.97.7
318,Ethelda,Pach,epach8t@nasa.gov,Female,240.209.145.109
319,Shelli,Panks,spanks8u@nymag.com,Female,238.83.191.79
320,Murvyn,McKirton,mmckirton8v@google.com.hk,Male,156.222.149.224
321,Mandel,Hayhoe,mhayhoe8w@desdev.cn,Male,51.164.51.55
322,Seana,Sibbald,ssibbald8x@cdc.gov,Female,78.61.203.186
323,Flinn,Dailey,fdailey8y@parallels.com,Male,34.39.49.65
324,Cory,Meekings,cmeekings8z@arizona.edu,Male,66.13.110.92
325,Suzette,Cunniffe,scunniffe90@noaa.gov,Female,12.201.175.239
326,Roscoe,Moncur,rmoncur91@google.pl,Male,30.79.162.179
327,Eleni,Kennady,ekennady92@infoseek.co.jp,Female,189.131.234.81
328,Ivar,Gaylor,igaylor93@fda.gov,Male,252.25.159.81
329,Cecil,Boscher,cboscher94@sbwire.com,Male,54.27.123.199
330,Kimberly,Bernhardsson,kbernhardsson95@ehow.com,Female,54.60.172.223
331,Phillida,Harrold,pharrold96@house.gov,Female,18.96.29.124
332,Vale,Sutworth,vsutworth97@lycos.com,Female,36.244.244.213
333,Viviene,Anthoin,vanthoin98@xing.com,Genderfluid,145.226.86.34
334,Louise,Plaster,lplaster99@kickstarter.com,Female,241.26.1.141
335,Rana,Gordon-Giles,rgordongiles9a@trellian.com,Female,133.228.179.86
336,Townie,Slade,tslade9b@cisco.com,Male,62.100.92.6
337,Joann,Cockram,jcockram9c@reddit.com,Female,23.240.20.28
338,Wolfy,Grundwater,wgrundwater9d@slashdot.org,Male,250.209.31.68
339,Anastasia,Fishly,afishly9e@latimes.com,Female,65.198.80.202
340,Pammi,Bortoloni,pbortoloni9f@ustream.tv,Female,70.128.39.251
341,Izabel,Sammon,isammon9g@boston.com,Female,228.200.99.98
342,Mile,Picknett,mpicknett9h@yelp.com,Male,239.85.129.125
343,Klaus,Matusevich,kmatusevich9i@bravesites.com,Male,143.229.21.237
344,Jayme,Lebel,jlebel9j@economist.com,Male,90.132.253.118
345,Jean,Beuscher,jbeuscher9k@deviantart.com,Female,160.151.161.25
346,Filip,Draayer,fdraayer9l@globo.com,Male,80.58.239.63
347,Jobi,Gosnold,jgosnold9m@arizona.edu,Bigender,171.233.214.73
348,Jordain,Pengilley,jpengilley9n@homestead.com,Agender,71.50.203.212
349,Constantino,Luty,cluty9o@odnoklassniki.ru,Male,152.204.91.200
350,Kevon,Geill,kgeill9p@webmd.com,Male,18.218.82.19
351,Chrisse,Padginton,cpadginton9q@sciencedaily.com,Male,204.212.120.61
352,Kenny,Gilbanks,kgilbanks9r@reddit.com,Genderqueer,91.94.19.52
353,Dianna,Balentyne,dbalentyne9s@jiathis.com,Female,10.216.136.97
354,Kial,Buckmaster,kbuckmaster9t@list-manage.com,Female,213.177.226.72
355,Shanna,Went,swent9u@blinklist.com,Female,156.50.128.24
356,Olimpia,de Courcey,odecourcey9v@ask.com,Female,65.146.200.110
357,Cyndia,De Lascy,cdelascy9w@vistaprint.com,Female,200.7.24.41
358,Theresa,Culpin,tculpin9x@merriam-webster.com,Female,9.151.112.1
359,Cirillo,Gillebert,cgillebert9y@arizona.edu,Male,153.80.145.218
360,Isa,Ayshford,iayshford9z@symantec.com,Male,179.165.43.63
361,Liesa,Rego,lregoa0@networkadvertising.org,Female,104.233.235.129
362,Thebault,Aymer,taymera1@blogtalkradio.com,Male,127.189.122.174
363,Frankie,Rimmington,frimmingtona2@stanford.edu,Female,125.125.32.245
364,Lanny,Tinniswood,ltinniswooda3@amazon.co.uk,Male,140.114.199.206
365,Wainwright,Bramelt,wbramelta4@ucoz.ru,Male,76.224.197.61
366,Timofei,Coytes,tcoytesa5@storify.com,Male,9.222.103.91
367,Phillie,Danielski,pdanielskia6@123-reg.co.uk,Female,45.55.57.183
368,Gun,Bushnell,gbushnella7@opera.com,Male,4.172.96.63
369,Iosep,Jeenes,ijeenesa8@is.gd,Male,189.89.159.135
370,Ara,Spread,aspreada9@fc2.com,Female,222.91.71.163
371,Findley,McCrudden,fmccruddenaa@google.ru,Male,176.207.176.162
372,Carolus,Brade,cbradeab@boston.com,Male,167.246.176.57
373,Sauveur,Rottcher,srottcherac@answers.com,Male,59.145.242.225
374,Sigmund,Chishull,schishullad@phpbb.com,Male,43.152.231.217
375,Alard,Rising,arisingae@cnet.com,Male,175.182.45.98
376,Renault,Bridel,rbridelaf@google.com.br,Male,25.141.200.152
377,Jozef,Hitscher,jhitscherag@ebay.com,Male,176.39.115.35
378,Enrique,Frondt,efrondtah@google.nl,Male,62.171.45.190
379,Joline,Mila,jmilaai@theatlantic.com,Female,187.205.138.95
380,Germana,Polet,gpoletaj@squarespace.com,Female,166.103.226.93
381,Travis,McAulay,tmcaulayak@tripadvisor.com,Male,77.218.222.65
382,Agace,Wasiel,awasielal@g.co,Polygender,156.37.146.137
383,Heinrik,Blakelock,hblakelockam@fc2.com,Male,16.69.197.215
384,Mada,Worsam,mworsaman@google.com,Female,161.45.94.161
385,Emmerich,Probet,eprobetao@themeforest.net,Male,5.93.210.236
386,Vivianna,Blaxlande,vblaxlandeap@reference.com,Female,243.235.190.195
387,Kathleen,Furbank,kfurbankaq@fema.gov,Female,40.217.141.250
388,Bennie,Dyott,bdyottar@uiuc.edu,Male,118.48.40.161
389,Udale,Sambals,usambalsas@clickbank.net,Male,163.68.125.26
390,Tessa,Melanaphy,tmelanaphyat@a8.net,Female,82.61.155.43
391,Darwin,Spitell,dspitellau@spiegel.de,Male,30.73.216.99
392,Kane,Pierucci,kpierucciav@booking.com,Genderfluid,120.237.3.6
393,Adair,Andrys,aandrysaw@sciencedaily.com,Male,112.194.68.172
394,Lorelle,Lorinez,llorinezax@hp.com,Female,190.119.238.116
395,Rosemarie,McKee,rmckeeay@slashdot.org,Female,199.117.64.189
396,Eward,Low,elowaz@soup.io,Male,176.145.147.77
397,Therine,Sconce,tsconceb0@exblog.jp,Female,72.190.92.112
398,Norah,Plum,nplumb1@woothemes.com,Female,209.9.49.157
399,Alfie,Jeness,ajenessb2@printfriendly.com,Female,186.75.121.131
400,Von,O' Driscoll,vodriscollb3@cbslocal.com,Male,57.213.111.100
401,Sanson,MacCorkell,smaccorkellb4@engadget.com,Bigender,124.10.14.104
402,Jedediah,Spat,jspatb5@cafepress.com,Bigender,77.48.50.105
403,Bridget,Trower,btrowerb6@wordpress.com,Female,50.111.66.201
404,Bartlet,Iacomini,biacominib7@soundcloud.com,Male,157.228.93.11
405,Romola,Boyat,rboyatb8@theguardian.com,Female,235.206.232.188
406,Basia,Royds,broydsb9@globo.com,Female,103.147.182.146
407,Shelden,Dodsley,sdodsleyba@nature.com,Male,188.13.81.55
408,Alwyn,Bax,abaxbb@last.fm,Male,218.191.166.146
409,Nerita,Redfearn,nredfearnbc@tripadvisor.com,Female,116.125.152.1
410,Helaina,Labrenz,hlabrenzbd@tumblr.com,Female,202.158.36.44
411,Obediah,Glawsop,oglawsopbe@imgur.com,Male,128.190.114.155
412,Nana,Hazlewood,nhazlewoodbf@wikimedia.org,Female,122.35.56.132
413,Alphonso,Flieger,afliegerbg@sphinn.com,Male,70.9.230.124
414,Tatum,Perrigo,tperrigobh@noaa.gov,Female,35.146.81.248
415,Nikaniki,Roskams,nroskamsbi@kickstarter.com,Female,229.145.214.137
416,Leighton,Segge,lseggebj@tamu.edu,Male,174.139.24.186
417,Moreen,Van Bruggen,mvanbruggenbk@wsj.com,Female,69.160.241.25
418,Wayland,Volkers,wvolkersbl@vistaprint.com,Male,165.82.165.218
419,Eleanor,Copp,ecoppbm@seesaa.net,Female,227.172.187.92
420,Brandie,Girardoni,bgirardonibn@chron.com,Female,152.152.5.69
421,Jacky,Tibbits,jtibbitsbo@xrea.com,Male,122.169.206.98
422,Leon,MacCleay,lmaccleaybp@dailymail.co.uk,Male,104.93.199.193
423,Adler,Jakubski,ajakubskibq@techcrunch.com,Male,124.245.112.135
424,Tarrah,Cowitz,tcowitzbr@bandcamp.com,Female,87.69.9.168
425,Angelika,Huskisson,ahuskissonbs@taobao.com,Female,18.48.205.55
426,Con,Haswell,chaswellbt@cocolog-nifty.com,Female,32.22.114.226
427,Herold,Nenci,hnencibu@mediafire.com,Genderfluid,69.125.176.85
428,Kinsley,Blincowe,kblincowebv@wordpress.org,Non-binary,48.223.167.91
429,Timmie,Moller,tmollerbw@ow.ly,Male,104.159.86.9
430,Idalia,Sammes,isammesbx@jigsy.com,Female,92.192.12.188
431,Bernetta,Robardey,brobardeyby@sourceforge.net,Female,7.166.175.65
432,Sibilla,Moyers,smoyersbz@devhub.com,Female,230.59.196.78
433,Godfry,Mogenot,gmogenotc0@go.com,Male,28.127.181.165
434,Joete,Coote,jcootec1@tamu.edu,Female,133.192.36.83
435,Lanna,Edmenson,ledmensonc2@usda.gov,Female,8.180.218.81
436,Nealon,Orneblow,norneblowc3@4shared.com,Male,200.45.188.133
437,Mannie,Beautyman,mbeautymanc4@sakura.ne.jp,Male,171.254.64.94
438,Loydie,Pales,lpalesc5@theguardian.com,Male,78.29.227.45
439,Emeline,Vazquez,evazquezc6@tripod.com,Female,104.129.214.153
440,Winnifred,Ledson,wledsonc7@joomla.org,Female,245.23.174.95
441,Corinne,Domniney,cdomnineyc8@ow.ly,Female,53.39.68.65
442,Margarete,Mars,mmarsc9@ovh.net,Female,152.10.43.171
443,Joan,Bogey,jbogeyca@youtube.com,Female,132.152.210.95
444,Parker,Tilzey,ptilzeycb@nhs.uk,Bigender,47.188.174.253
445,Jillane,Ohrt,johrtcc@fc2.com,Female,219.185.80.188
446,Waite,Saundercock,wsaundercockcd@harvard.edu,Male,59.53.57.15
447,Catherine,Ferraron,cferraronce@harvard.edu,Female,124.40.169.171
448,Ragnar,Fulkes,rfulkescf@sitemeter.com,Male,12.228.122.73
449,Damara,Waycott,dwaycottcg@abc.net.au,Female,231.238.219.22
450,Gretna,Solomon,gsolomonch@google.ru,Female,70.237.207.255
451,Odella,Medhurst,omedhurstci@goo.ne.jp,Female,92.170.58.79
452,Jodie,Blamphin,jblamphincj@reddit.com,Female,131.45.180.177
453,Sherrie,Prestney,sprestneyck@slate.com,Female,100.118.48.85
454,Jenica,Burdge,jburdgecl@t.co,Female,210.70.209.224
455,Gan,Mair,gmaircm@cdbaby.com,Male,221.10.230.162
456,Gilda,Le Pine,glepinecn@blogspot.com,Female,55.242.73.84
457,Sherilyn,Ellerton,sellertonco@webnode.com,Female,138.165.52.214
458,Monti,Pochin,mpochincp@hp.com,Male,81.95.135.225
459,Yance,Mayne,ymaynecq@si.edu,Male,249.63.228.8
460,Glynn,Seide,gseidecr@theatlantic.com,Male,152.208.106.139
461,Tailor,Pennick,tpennickcs@cnet.com,Male,125.207.150.182
462,Fidela,Emmatt,femmattct@phpbb.com,Female,183.45.111.95
463,Olive,Kinchlea,okinchleacu@parallels.com,Female,35.55.245.125
464,Gaven,Blasetti,gblasetticv@networksolutions.com,Male,3.149.3.57
465,Netti,Durden,ndurdencw@pen.io,Female,71.208.53.137
466,Alphonso,Haley,ahaleycx@angelfire.com,Male,47.233.169.229
467,Kirk,Gowthrop,kgowthropcy@dion.ne.jp,Male,47.213.229.38
468,Marielle,Atterbury,matterburycz@statcounter.com,Female,146.44.86.165
469,Bartlet,Ilewicz,bilewiczd0@salon.com,Male,128.130.102.243
470,Corbin,Dofty,cdoftyd1@1und1.de,Male,24.191.237.166
471,Bernelle,Mankor,bmankord2@printfriendly.com,Genderfluid,23.253.115.66
472,Fonsie,Baughn,fbaughnd3@quantcast.com,Male,147.230.189.159
473,Drugi,Tolley,dtolleyd4@vimeo.com,Male,211.11.53.114
474,Constanta,Pencost,cpencostd5@fastcompany.com,Female,227.88.84.226
475,Dionisio,Ebbutt,debbuttd6@utexas.edu,Male,45.114.178.63
476,Mikol,Kernley,mkernleyd7@sohu.com,Male,68.95.76.17
477,Jaymie,Cusick,jcusickd8@bandcamp.com,Male,203.199.39.187
478,Maura,Slaten,mslatend9@geocities.jp,Female,30.24.217.18
479,Gorden,Stapele,gstapeleda@over-blog.com,Male,196.200.42.16
480,Bank,Westrey,bwestreydb@businesswire.com,Male,217.168.217.185
481,Maritsa,Nethercott,mnethercottdc@mozilla.org,Female,145.1.70.44
482,Nicholle,Deegin,ndeegindd@auda.org.au,Female,220.132.201.126
483,Harley,Mordey,hmordeyde@csmonitor.com,Male,80.178.251.111
484,Cyndi,Balshen,cbalshendf@nytimes.com,Female,13.87.96.61
485,Gaelan,Sinden,gsindendg@arizona.edu,Male,216.27.177.229
486,Hugh,Klishin,hklishindh@google.com,Male,252.189.159.110
487,Adore,Darrell,adarrelldi@deliciousdays.com,Genderqueer,114.119.64.53
488,Herta,Aucock,haucockdj@networkadvertising.org,Female,164.13.113.95
489,Byron,Cawker,bcawkerdk@springer.com,Male,199.142.43.152
490,Edith,Hoovart,ehoovartdl@joomla.org,Female,118.174.29.42
491,Lonnie,Trice,ltricedm@tinypic.com,Male,131.184.93.103
492,Normy,Barns,nbarnsdn@wisc.edu,Male,253.76.186.121
493,Marcy,Philippart,mphilippartdo@printfriendly.com,Female,62.119.157.222
494,Jamill,Garrique,jgarriquedp@oaic.gov.au,Male,146.196.127.232
495,Ikey,Innis,iinnisdq@walmart.com,Male,170.98.143.107
496,Kaela,Symcock,ksymcockdr@slideshare.net,Female,69.172.119.237
497,Euell,Tidgewell,etidgewellds@msn.com,Male,136.219.229.57
498,Roland,Higounet,rhigounetdt@eepurl.com,Male,23.109.165.32
499,Yard,Woan,ywoandu@cbslocal.com,Male,225.178.77.232
500,Courtney,Brettoner,cbrettonerdv@discuz.net,Female,103.45.10.65
501,Malcolm,Cutmere,mcutmeredw@ehow.com,Male,55.77.219.150
502,Antonetta,Caroli,acarolidx@twitter.com,Female,185.251.221.71
503,Isacco,Shetliff,ishetliffdy@gravatar.com,Male,248.143.173.100
504,Zaria,Lemonnier,zlemonnierdz@wunderground.com,Female,194.205.90.143
505,Devondra,Stocks,dstockse0@webeden.co.uk,Female,63.106.97.60
506,Winslow,Darker,wdarkere1@yahoo.com,Male,82.9.195.28
507,Clotilda,Werny,cwernye2@github.io,Female,168.253.177.146
508,Hugues,Izod,hizode3@cyberchimps.com,Male,152.230.203.56
509,Corliss,Tradewell,ctradewelle4@github.io,Female,174.52.183.208
510,Cherise,Crowcroft,ccrowcrofte5@gmpg.org,Female,253.180.166.99
511,Kristofor,Esslement,kesslemente6@guardian.co.uk,Male,152.79.198.53
512,Tara,Syphus,tsyphuse7@godaddy.com,Female,105.82.148.205
513,Langston,Lorenzini,llorenzinie8@taobao.com,Male,14.92.44.244
514,Emili,Caplan,ecaplane9@com.com,Female,222.63.82.120
515,Alecia,Howieson,ahowiesonea@indiatimes.com,Female,168.3.225.249
516,Penelopa,Stolworthy,pstolworthyeb@imageshack.us,Female,174.99.60.242
517,Jaine,McMurty,jmcmurtyec@reverbnation.com,Female,247.159.79.27
518,Friederike,Keepence,fkeepenceed@mediafire.com,Agender,121.35.57.81
519,Elsy,Gilbey,egilbeyee@cbsnews.com,Female,182.22.118.191
520,Immanuel,Rontree,irontreeef@google.fr,Male,164.65.7.103
521,Zena,Aronowicz,zaronowiczeg@baidu.com,Bigender,226.105.48.20
522,Griffin,Sines,gsineseh@ebay.com,Male,157.239.227.64
523,Tabitha,Disbury,tdisburyei@mozilla.com,Female,89.48.227.37
524,Tabb,Langstone,tlangstoneej@homestead.com,Male,61.178.33.134
525,Britt,Gubbin,bgubbinek@comcast.net,Agender,119.87.152.158
526,Jarib,Turvie,jturvieel@free.fr,Male,239.94.149.90
527,Horacio,Korting,hkortingem@google.fr,Male,43.208.135.32
528,Leeanne,Losty,llostyen@wp.com,Female,211.26.207.85
529,Renelle,Maroney,rmaroneyeo@jugem.jp,Agender,172.245.83.191
530,Mortie,Coviello,mcovielloep@ftc.gov,Male,34.66.252.21
531,Sherrie,Paterson,spatersoneq@toplist.cz,Female,217.170.198.13
532,Hillier,Freddi,hfreddier@mayoclinic.com,Male,59.23.158.243
533,Abbe,Krol,akroles@netlog.com,Non-binary,8.46.199.10
534,Claire,Santry,csantryet@amazon.co.uk,Male,183.96.46.38
535,Clyde,McMurrugh,cmcmurrugheu@spiegel.de,Male,211.81.153.188
536,Edik,Barlace,ebarlaceev@yelp.com,Male,178.66.205.42
537,Nerti,Storey,nstoreyew@amazon.de,Female,86.197.125.38
538,Kipp,Caps,kcapsex@boston.com,Male,109.134.229.71
539,Elsinore,Ferraresi,eferraresiey@fotki.com,Female,99.87.83.253
540,Bryant,Fadian,bfadianez@wordpress.org,Male,65.4.189.216
541,Consolata,Lazenby,clazenbyf0@hp.com,Female,92.59.152.186
542,Sheridan,Swinfen,sswinfenf1@usnews.com,Male,30.169.163.55
543,Tedd,Colebeck,tcolebeckf2@dyndns.org,Male,226.119.186.200
544,Gwenette,Medeway,gmedewayf3@ocn.ne.jp,Female,40.2.79.149
545,Charlot,Brunke,cbrunkef4@ft.com,Genderfluid,34.76.146.163
546,Prince,Felgate,pfelgatef5@cafepress.com,Male,165.62.100.185
547,Basia,Belly,bbellyf6@linkedin.com,Female,66.208.62.223
548,Emerson,Furze,efurzef7@jigsy.com,Bigender,106.82.236.61
549,Selle,Gouldthorpe,sgouldthorpef8@accuweather.com,Female,112.78.215.242
550,Giulietta,Bullman,gbullmanf9@mapquest.com,Non-binary,57.132.85.38
551,Hayden,Watman,hwatmanfa@skyrock.com,Male,195.140.82.174
552,Theda,Kirtlan,tkirtlanfb@twitter.com,Female,41.216.248.90
553,Ravid,Frackiewicz,rfrackiewiczfc@yolasite.com,Male,29.186.120.22
554,Carlen,Redsull,credsullfd@merriam-webster.com,Female,191.144.71.126
555,Cymbre,Goacher,cgoacherfe@dedecms.com,Female,93.138.79.13
556,Marillin,Zeplin,mzeplinff@squidoo.com,Female,40.72.62.12
557,Avril,Hayball,ahayballfg@sfgate.com,Female,50.37.137.67
558,Abba,Dalla,adallafh@gravatar.com,Male,128.14.17.35
559,Bren,Houseley,bhouseleyfi@jalbum.net,Female,140.90.245.33
560,Fayre,Beine,fbeinefj@networksolutions.com,Female,110.64.227.13
561,Melly,Lynn,mlynnfk@microsoft.com,Female,125.117.212.48
562,Wolfgang,Wherrit,wwherritfl@icio.us,Agender,210.235.67.155
563,Griselda,Clowney,gclowneyfm@craigslist.org,Female,81.250.220.17
564,Merry,Delgaty,mdelgatyfn@creativecommons.org,Female,39.118.230.179
565,Lionello,Base,lbasefo@amazon.co.jp,Male,47.195.240.43
566,Kimbell,Bouts,kboutsfp@oakley.com,Agender,151.185.149.152
567,Svend,McCullum,smccullumfq@cnet.com,Male,155.147.95.183
568,Jake,Ringer,jringerfr@blogspot.com,Male,80.206.129.1
569,Barry,Cogswell,bcogswellfs@hc360.com,Female,47.194.18.199
570,Linus,Tudge,ltudgeft@ebay.co.uk,Male,60.124.113.153
571,Edvard,Creelman,ecreelmanfu@shop-pro.jp,Male,32.250.163.69
572,Evie,Kerry,ekerryfv@globo.com,Female,95.149.61.118
573,Fritz,Calendar,fcalendarfw@weather.com,Male,199.166.33.141
574,Maurene,Patkin,mpatkinfx@about.me,Female,204.102.128.177
575,Austin,Houlison,ahoulisonfy@tuttocitta.it,Female,175.65.77.0
576,Herta,Banbrick,hbanbrickfz@cbsnews.com,Female,65.210.58.171
577,Janis,Brims,jbrimsg0@cmu.edu,Female,149.70.148.117
578,Gabie,Filan,gfilang1@so-net.ne.jp,Male,5.123.158.189
579,Rochette,Basset,rbassetg2@timesonline.co.uk,Female,213.52.149.36
580,Arthur,Avieson,aaviesong3@weather.com,Male,24.240.251.136
581,Calhoun,Alldis,calldisg4@msu.edu,Male,169.242.58.42
582,Meggy,Rennox,mrennoxg5@usda.gov,Bigender,98.147.25.50
583,Tad,Hansard,thansardg6@amazon.com,Male,32.218.14.152
584,Kaleena,Dowdall,kdowdallg7@latimes.com,Female,165.88.98.196
585,Tammie,Eddowes,teddowesg8@ucoz.ru,Genderfluid,208.59.189.87
586,Margaretta,Naseby,mnasebyg9@jimdo.com,Female,143.211.138.133
587,Klemens,McGray,kmcgrayga@cbc.ca,Male,249.58.96.87
588,Othello,Kagan,okagangb@theatlantic.com,Male,185.185.179.117
589,Barrett,Emsden,bemsdengc@yale.edu,Male,236.52.53.228
590,Ileana,Pischoff,ipischoffgd@wikipedia.org,Female,191.104.112.0
591,Luciana,Flecknoe,lflecknoege@reverbnation.com,Female,218.147.137.212
592,Pattie,Hearsey,phearseygf@lycos.com,Male,165.49.221.39
593,Rab,Aronov,raronovgg@csmonitor.com,Male,28.208.246.0
594,Dionne,Rivett,drivettgh@photobucket.com,Female,202.129.136.35
595,Wesley,Bewley,wbewleygi@sun.com,Male,80.99.255.131
596,Tandi,Godman,tgodmangj@shareasale.com,Female,198.237.103.170
597,Rourke,Kybird,rkybirdgk@parallels.com,Male,30.254.60.105
598,Heddie,Humberston,hhumberstongl@bing.com,Female,49.109.234.123
599,Ealasaid,Schops,eschopsgm@surveymonkey.com,Female,200.0.55.176
600,Geri,Charnick,gcharnickgn@mayoclinic.com,Female,89.210.4.41
601,Felice,Camerati,fcameratigo@gov.uk,Male,160.173.255.92
602,Gerri,Nicholls,gnichollsgp@globo.com,Female,34.78.23.31
603,Horatius,Kyncl,hkynclgq@hubpages.com,Male,142.194.156.146
604,Jordon,Cleall,jcleallgr@time.com,Male,6.135.221.153
605,Chloette,Bulbeck,cbulbeckgs@usnews.com,Female,3.85.173.124
606,Sisile,Crigin,scrigingt@ustream.tv,Female,239.79.203.170
607,Milissent,Badwick,mbadwickgu@ycombinator.com,Female,25.55.20.25
608,Cheston,Defraine,cdefrainegv@xing.com,Male,238.197.239.215
609,Samson,Biddle,sbiddlegw@wordpress.com,Male,161.30.199.252
610,Letisha,Milkin,lmilkingx@dedecms.com,Female,132.173.245.42
611,Cesaro,Edgecombe,cedgecombegy@people.com.cn,Male,122.33.10.158
612,Jabez,Finnes,jfinnesgz@360.cn,Male,7.179.123.16
613,Derrick,Devonport,ddevonporth0@sourceforge.net,Male,165.55.209.59
614,Bill,Scarrisbrick,bscarrisbrickh1@mediafire.com,Female,72.198.36.90
615,Mateo,Aleshintsev,maleshintsevh2@posterous.com,Male,70.236.218.83
616,Elonore,Kieran,ekieranh3@mapy.cz,Female,170.59.0.128
617,Romonda,Hyndley,rhyndleyh4@bbb.org,Female,56.40.238.48
618,Findley,Canet,fcaneth5@booking.com,Male,196.120.93.99
619,Henrietta,Cottisford,hcottisfordh6@pinterest.com,Female,131.196.160.179
620,Kiley,Mallall,kmallallh7@psu.edu,Male,36.139.75.153
621,June,Wabey,jwabeyh8@oaic.gov.au,Female,172.16.134.162
622,Chane,Cocke,ccockeh9@yale.edu,Male,254.38.196.23
623,Niles,Jarvis,njarvisha@over-blog.com,Male,14.228.255.220
624,Laurena,Casford,lcasfordhb@joomla.org,Female,41.246.59.75
625,Lise,Rumbold,lrumboldhc@go.com,Female,137.201.167.141
626,Mordy,Danby,mdanbyhd@squarespace.com,Male,201.82.123.159
627,Basilio,Putnam,bputnamhe@geocities.jp,Male,215.36.72.46
628,Caresa,Wiseman,cwisemanhf@google.fr,Female,86.79.89.248
629,Annelise,Pallin,apallinhg@boston.com,Female,138.229.33.124
630,Angelita,Keppie,akeppiehh@examiner.com,Female,107.122.223.57
631,Reece,O'Dennehy,rodennehyhi@diigo.com,Male,152.167.74.157
632,Kath,Lethibridge,klethibridgehj@a8.net,Bigender,219.59.43.63
633,Amalita,Sebley,asebleyhk@google.ca,Female,145.215.150.211
634,Anatole,Masterton,amastertonhl@howstuffworks.com,Male,200.117.236.169
635,Jo ann,Griston,jgristonhm@springer.com,Genderqueer,184.66.77.169
636,Daphne,Moizer,dmoizerhn@symantec.com,Female,19.138.176.107
637,Tomasina,Rigbye,trigbyeho@shareasale.com,Female,9.30.103.142
638,Mikaela,Laflin,mlaflinhp@epa.gov,Female,236.64.140.204
639,Albert,Coakley,acoakleyhq@yelp.com,Male,163.222.112.58
640,Andy,Langran,alangranhr@webs.com,Female,18.0.22.105
641,Elvis,Ellery,eelleryhs@walmart.com,Male,37.215.39.204
642,Edwina,Critchley,ecritchleyht@discuz.net,Female,129.144.173.53
643,Harriet,Bordis,hbordishu@slideshare.net,Female,72.159.111.248
644,Duncan,Keeling,dkeelinghv@usnews.com,Male,8.26.153.228
645,Wilmette,Lankham,wlankhamhw@ustream.tv,Female,126.246.173.13
646,Regine,Grimm,rgrimmhx@behance.net,Female,17.96.199.222
647,Goober,Romney,gromneyhy@mozilla.org,Male,152.187.215.5
648,Luelle,Cornes,lcorneshz@umich.edu,Female,214.147.19.110
649,Hildegarde,Duckhouse,hduckhousei0@mapquest.com,Female,37.137.84.98
650,Reinald,Sidebotton,rsidebottoni1@dropbox.com,Male,162.76.20.181
651,Homere,Whitta,hwhittai2@amazon.de,Genderfluid,83.151.216.197
652,Myrle,Budcock,mbudcocki3@chronoengine.com,Female,151.51.230.2
653,Mayer,Considine,mconsidinei4@printfriendly.com,Male,102.149.154.173
654,Marylee,Elgey,melgeyi5@miibeian.gov.cn,Female,99.32.148.107
655,Ali,Cumber,acumberi6@google.cn,Female,148.90.83.236
656,Olympie,Midgely,omidgelyi7@feedburner.com,Female,42.30.129.220
657,Gregor,Yearn,gyearni8@goo.gl,Male,166.36.18.6
658,Ermanno,Edkins,eedkinsi9@amazon.co.jp,Male,112.208.190.89
659,Roshelle,Pitkin,rpitkinia@weather.com,Female,148.190.207.230
660,Brucie,Beine,bbeineib@friendfeed.com,Male,216.236.16.181
661,Erskine,Tackett,etackettic@google.cn,Male,58.56.161.253
662,Elva,Rawsthorne,erawsthorneid@geocities.com,Female,39.222.78.179
663,Gwenette,Savaage,gsavaageie@deliciousdays.com,Agender,222.103.1.153
664,Dana,Oxtarby,doxtarbyif@bloglines.com,Male,188.174.212.1
665,Verine,Whittock,vwhittockig@boston.com,Bigender,36.76.63.73
666,Alex,Litton,alittonih@aboutads.info,Female,142.61.28.220
667,Adrienne,Honniebal,ahonniebalii@prlog.org,Female,1.144.248.3
668,Betteanne,Locarno,blocarnoij@yolasite.com,Female,26.89.129.226
669,Kassi,Dargie,kdargieik@sfgate.com,Female,212.232.171.208
670,Cristobal,Everall,ceverallil@berkeley.edu,Male,112.62.246.234
671,Malissa,Lochran,mlochranim@yolasite.com,Genderqueer,56.30.128.238
672,La verne,Dawidowicz,ldawidowiczin@miitbeian.gov.cn,Female,45.45.216.35
673,Archer,Malham,amalhamio@hatena.ne.jp,Male,136.216.121.106
674,Padget,Brankley,pbrankleyip@imdb.com,Male,248.19.152.125
675,Kendal,Surgeon,ksurgeoniq@skype.com,Male,53.63.34.23
676,Alexandre,Permain,apermainir@printfriendly.com,Male,139.172.144.100
677,Alia,Maling,amalingis@acquirethisname.com,Female,201.145.185.234
678,Nicolai,Cotsford,ncotsfordit@cpanel.net,Male,215.224.108.201
679,Josi,Pinnion,jpinnioniu@microsoft.com,Female,80.141.16.224
680,Myra,Sharplin,msharpliniv@vk.com,Female,142.116.234.151
681,Tonie,Grogan,tgroganiw@cocolog-nifty.com,Female,204.219.179.167
682,Evy,Biddlecombe,ebiddlecombeix@archive.org,Female,8.1.238.25
683,Josy,Genese,jgeneseiy@techcrunch.com,Female,49.5.95.110
684,Valida,Chaffin,vchaffiniz@ihg.com,Female,146.127.84.250
685,Willabella,Spondley,wspondleyj0@goodreads.com,Female,221.163.172.218
686,Kippy,Asbury,kasburyj1@google.nl,Male,196.203.222.193
687,Jakie,Dodridge,jdodridgej2@google.com,Male,220.240.254.8
688,Shelden,Senecaut,ssenecautj3@cocolog-nifty.com,Male,19.85.33.231
689,Leese,Lednor,llednorj4@github.io,Female,208.149.150.51
690,Steffen,Whorlton,swhorltonj5@nih.gov,Male,117.225.138.84
691,Reagan,Greener,rgreenerj6@upenn.edu,Male,155.245.110.240
692,Petronella,Van Oord,pvanoordj7@facebook.com,Female,95.0.3.37
693,Reggy,Pope,rpopej8@sciencedirect.com,Non-binary,248.181.149.31
694,Dexter,Everton,devertonj9@comcast.net,Male,86.71.52.139
695,Ianthe,Laye,ilayeja@washingtonpost.com,Female,199.121.92.236
696,Esmeralda,Peto,epetojb@homestead.com,Female,143.19.116.154
697,Byrann,Richford,brichfordjc@alibaba.com,Male,219.145.132.183
698,Ingeberg,Marnes,imarnesjd@state.tx.us,Female,7.71.133.16
699,Brod,Rodda,broddaje@spotify.com,Male,120.193.67.101
700,Bentlee,Milnthorpe,bmilnthorpejf@ocn.ne.jp,Male,134.217.192.107
701,Steward,Dicey,sdiceyjg@cnet.com,Male,189.169.94.107
702,Cilka,Carillo,ccarillojh@i2i.jp,Female,10.26.192.212
703,Vittorio,Bogges,vboggesji@discovery.com,Male,48.53.91.32
704,Evvy,Studdal,estuddaljj@comsenz.com,Female,233.43.164.185
705,Grace,Eringey,geringeyjk@ca.gov,Male,11.54.226.188
706,Iosep,Fisk,ifiskjl@flavors.me,Male,239.55.142.79
707,Lawry,Linnit,llinnitjm@microsoft.com,Male,69.209.87.239
708,Auria,Mundwell,amundwelljn@tmall.com,Female,228.254.158.207
709,Joella,Swaite,jswaitejo@squarespace.com,Female,65.166.172.161
710,Jeth,Damato,jdamatojp@squarespace.com,Male,40.211.158.170
711,Augustina,Pinard,apinardjq@pen.io,Female,56.115.235.123
712,Goddart,Tuxwell,gtuxwelljr@msn.com,Male,112.239.101.94
713,Julius,Gomm,jgommjs@barnesandnoble.com,Male,20.86.55.101
714,Isis,Tooke,itookejt@hud.gov,Female,209.40.178.0
715,Ad,Girardoni,agirardoniju@sfgate.com,Polygender,30.215.199.105
716,Marcos,Bullers,mbullersjv@bizjournals.com,Male,1.21.247.147
717,Adelice,Arderne,aardernejw@ucoz.com,Female,22.49.205.210
718,Alard,Poyntz,apoyntzjx@opensource.org,Male,254.144.214.66
719,Kasper,Burn,kburnjy@ucla.edu,Agender,218.244.58.92
720,Aloysius,Simounet,asimounetjz@miibeian.gov.cn,Male,2.184.166.40
721,Koressa,Forkan,kforkank0@chronoengine.com,Female,246.81.26.87
722,Che,McKeaveney,cmckeaveneyk1@themeforest.net,Male,148.123.113.189
723,Meghann,Alen,malenk2@jalbum.net,Female,7.97.171.247
724,Carrol,Domeny,cdomenyk3@discuz.net,Male,34.107.229.151
725,Lil,Jarratt,ljarrattk4@domainmarket.com,Female,175.144.141.217
726,Gunar,Andresser,gandresserk5@reverbnation.com,Male,41.63.94.238
727,Constantine,Markie,cmarkiek6@guardian.co.uk,Male,12.206.252.22
728,Carmita,Le Provest,cleprovestk7@un.org,Agender,114.27.81.98
729,Leyla,Denson,ldensonk8@dailymail.co.uk,Female,36.2.10.83
730,Krishna,Ranby,kranbyk9@hc360.com,Male,159.158.55.170
731,Zebedee,Tyrrell,ztyrrellka@1und1.de,Male,77.236.134.0
732,Bradan,Garlinge,bgarlingekb@dedecms.com,Male,169.128.68.83
733,Brand,Loader,bloaderkc@phpbb.com,Male,57.144.15.39
734,Tiertza,Merrydew,tmerrydewkd@cisco.com,Female,214.88.243.85
735,Agretha,Lilford,alilfordke@state.tx.us,Female,51.87.240.8
736,Sofia,Spain,sspainkf@yellowpages.com,Female,216.149.242.76
737,Barr,Lugg,bluggkg@t.co,Male,245.42.87.17
738,Virgil,Pressdee,vpressdeekh@google.com.hk,Male,145.215.141.197
739,Rik,Povall,rpovallki@t.co,Male,245.238.111.228
740,Jethro,Suttie,jsuttiekj@jigsy.com,Male,222.178.135.57
741,Hanni,Carmel,hcarmelkk@tripadvisor.com,Female,41.110.60.222
742,Terrance,Teague,tteaguekl@intel.com,Male,77.188.107.116
743,Herve,Skyppe,hskyppekm@hostgator.com,Male,255.152.145.157
744,Zenia,Avieson,zaviesonkn@wordpress.com,Bigender,109.54.245.201
745,Eva,Fricke,efrickeko@sitemeter.com,Female,239.115.112.199
746,Cinda,Burdge,cburdgekp@comcast.net,Agender,204.218.152.248
747,Lina,Currington,lcurringtonkq@mozilla.org,Female,231.102.32.95
748,Zora,Wathan,zwathankr@youtube.com,Female,249.55.131.114
749,Aylmar,Beecker,abeeckerks@zdnet.com,Non-binary,129.8.67.114
750,Thayne,Crother,tcrotherkt@jugem.jp,Male,4.10.237.108
751,Aguie,Klaesson,aklaessonku@google.it,Male,68.63.92.240
752,Horton,Sollett,hsollettkv@telegraph.co.uk,Male,192.65.6.62
753,Karleen,Border,kborderkw@ucoz.com,Female,46.220.35.115
754,Trenna,Ineson,tinesonkx@slate.com,Female,231.15.40.213
755,Ricard,Perrigo,rperrigoky@tripadvisor.com,Male,246.121.64.144
756,Kincaid,Welling,kwellingkz@alibaba.com,Male,56.236.183.64
757,Missie,Horder,mhorderl0@wisc.edu,Female,187.81.52.153
758,Franklyn,Brimner,fbrimnerl1@tmall.com,Male,220.236.226.131
759,Tove,Edington,tedingtonl2@oracle.com,Female,74.22.143.156
760,Tabina,Kienlein,tkienleinl3@unesco.org,Female,13.168.99.141
761,Shay,Hale,shalel4@netvibes.com,Female,149.192.147.177
762,Kay,Jurisch,kjurischl5@buzzfeed.com,Female,178.235.86.239
763,Maren,Duiguid,mduiguidl6@eventbrite.com,Female,198.126.22.206
764,Robin,Aikett,raikettl7@hud.gov,Male,244.144.95.220
765,Fredric,Clail,fclaill8@gnu.org,Male,181.134.32.137
766,Garold,Quirk,gquirkl9@ameblo.jp,Male,120.213.123.99
767,Noell,Lambarton,nlambartonla@free.fr,Female,228.124.54.100
768,Bron,Kunert,bkunertlb@odnoklassniki.ru,Male,114.17.20.55
769,Rozanna,Drinkale,rdrinkalelc@bigcartel.com,Female,149.245.203.212
770,Larine,Oldam,loldamld@cocolog-nifty.com,Female,234.157.129.36
771,Verne,Stracey,vstraceyle@yahoo.co.jp,Male,56.221.147.139
772,Cointon,Rubinsohn,crubinsohnlf@elegantthemes.com,Male,201.2.167.175
773,Wallie,Fenty,wfentylg@aboutads.info,Male,174.250.23.112
774,Cammy,Kusick,ckusicklh@tiny.cc,Male,220.163.17.118
775,Morey,O'Driscole,modriscoleli@harvard.edu,Genderfluid,193.159.210.133
776,Natalina,Hendricks,nhendrickslj@flickr.com,Female,88.23.115.201
777,Pierce,Pickaver,ppickaverlk@alexa.com,Male,26.14.87.37
778,Warren,Kynforth,wkynforthll@sbwire.com,Male,141.166.74.10
779,Evvie,Jaycox,ejaycoxlm@rediff.com,Female,172.192.188.133
780,Robinette,Wane,rwaneln@amazon.com,Female,13.217.176.151
781,Zach,Smellie,zsmellielo@timesonline.co.uk,Male,208.88.224.102
782,Ewen,Chatenier,echatenierlp@bluehost.com,Male,76.44.209.10
783,Bertie,Rabat,brabatlq@mtv.com,Female,70.162.197.191
784,Wald,Corradino,wcorradinolr@hhs.gov,Male,18.231.92.72
785,Aridatha,Redford,aredfordls@europa.eu,Female,255.91.118.131
786,Concettina,Spilsburie,cspilsburielt@phoca.cz,Female,48.55.18.59
787,Tedda,Ridolfo,tridolfolu@gnu.org,Female,23.61.168.29
788,Tani,Mallord,tmallordlv@artisteer.com,Female,87.185.81.92
789,Bertie,Skellen,bskellenlw@un.org,Male,38.221.229.131
790,James,Overil,joverillx@berkeley.edu,Male,135.219.111.49
791,Ian,Stace,istacely@cnet.com,Male,111.161.226.204
792,Hillard,Briar,hbriarlz@uol.com.br,Male,224.237.107.211
793,Janessa,Bines,jbinesm0@pagesperso-orange.fr,Female,137.77.185.124
794,See,Percy,spercym1@digg.com,Male,92.147.192.213
795,Clementia,O'Hartagan,cohartaganm2@seattletimes.com,Female,142.13.159.18
796,Kinny,Seeger,kseegerm3@opensource.org,Male,85.237.8.40
797,Cora,Nutman,cnutmanm4@china.com.cn,Female,148.70.19.184
798,Hersh,Jackett,hjackettm5@nih.gov,Male,251.103.196.239
799,Jonah,Dongall,jdongallm6@phpbb.com,Male,230.160.218.150
800,Andromache,Sudddard,asudddardm7@domainmarket.com,Bigender,253.114.131.152
801,Raynor,Shields,rshieldsm8@zimbio.com,Male,248.30.65.253
802,Thatcher,Wagen,twagenm9@xinhuanet.com,Male,59.136.165.188
803,Rosana,Castleman,rcastlemanma@apple.com,Female,121.92.65.60
804,Elyssa,Kausche,ekauschemb@newyorker.com,Female,196.30.98.38
805,Clair,Ridpath,cridpathmc@cloudflare.com,Male,78.248.188.241
806,Kimmi,Roggeman,kroggemanmd@sakura.ne.jp,Female,99.5.104.126
807,Alejoa,Claibourn,aclaibournme@dmoz.org,Male,92.2.148.105
808,Dianemarie,Snipe,dsnipemf@cloudflare.com,Female,164.59.242.141
809,Alan,McKibbin,amckibbinmg@moonfruit.com,Male,162.252.217.238
810,Rad,Wagstaff,rwagstaffmh@newyorker.com,Male,58.1.186.49
811,Glynda,Cussins,gcussinsmi@dion.ne.jp,Female,132.3.134.43
812,Selby,Thomerson,sthomersonmj@hostgator.com,Male,97.98.68.0
813,Tiphany,Luetkemeyer,tluetkemeyermk@apple.com,Female,191.244.60.247
814,Worthington,Persent,wpersentml@weather.com,Male,7.35.107.88
815,Patience,Lutwidge,plutwidgemm@barnesandnoble.com,Female,156.205.204.0
816,Clo,Caskie,ccaskiemn@yale.edu,Polygender,189.82.55.26
817,Davey,Mallon,dmallonmo@blogspot.com,Genderqueer,65.78.3.178
818,Corby,Horrell,chorrellmp@live.com,Male,97.44.137.51
819,Mariquilla,Lordon,mlordonmq@ebay.co.uk,Female,187.120.241.152
820,Butch,Milsom,bmilsommr@latimes.com,Male,7.220.223.205
821,Lodovico,Rochford,lrochfordms@admin.ch,Male,249.32.191.163
822,Isabelita,Shevill,ishevillmt@bbb.org,Female,28.144.194.214
823,Lutero,Weatherburn,lweatherburnmu@feedburner.com,Male,8.82.147.61
824,Babb,Henrique,bhenriquemv@acquirethisname.com,Female,224.56.43.99
825,Wainwright,Kydde,wkyddemw@wired.com,Male,29.220.240.31
826,Glyn,Fabri,gfabrimx@1und1.de,Female,0.89.21.164
827,Constantin,Sarl,csarlmy@statcounter.com,Genderfluid,121.226.242.101
828,Danny,Dayton,ddaytonmz@edublogs.org,Male,55.89.205.136
829,Daria,Dallinder,ddallindern0@blinklist.com,Female,139.228.46.161
830,Konstantine,Frake,kfraken1@marriott.com,Male,160.93.249.34
831,Brennan,Densun,bdensunn2@is.gd,Male,30.83.173.182
832,Carola,Rivallant,crivallantn3@mail.ru,Female,192.254.215.251
833,Aldridge,Wallbridge,awallbridgen4@clickbank.net,Male,216.155.96.123
834,Kelley,Rheubottom,krheubottomn5@opera.com,Female,38.166.57.51
835,Birk,Pryer,bpryern6@biglobe.ne.jp,Male,231.106.152.248
836,Georgianne,Physick,gphysickn7@dailymotion.com,Female,50.238.90.116
837,Moritz,Haslehurst,mhaslehurstn8@amazon.de,Male,171.147.202.14
838,Cody,Deverale,cdeveralen9@webnode.com,Female,106.148.30.178
839,Lucinda,Waggitt,lwaggittna@t.co,Female,7.26.220.14
840,Erhard,Trasler,etraslernb@gravatar.com,Male,69.31.18.98
841,Elenore,Salzburg,esalzburgnc@miibeian.gov.cn,Female,218.184.144.219
842,Cahra,Cudworth,ccudworthnd@imdb.com,Female,50.200.177.245
843,Reginald,Noyce,rnoycene@mac.com,Male,184.235.229.165
844,Palmer,Berthelet,pbertheletnf@princeton.edu,Male,159.230.227.142
845,Corine,Bjorkan,cbjorkanng@dedecms.com,Female,126.80.41.32
846,Filia,Crilley,fcrilleynh@icio.us,Female,60.225.2.108
847,Mendie,Cradey,mcradeyni@hud.gov,Male,62.25.198.250
848,Alanna,Kinman,akinmannj@eepurl.com,Female,135.124.130.246
849,Guglielma,Twaite,gtwaitenk@bing.com,Female,179.81.33.186
850,Terrance,Snelman,tsnelmannl@bbc.co.uk,Male,43.133.233.11
851,Darci,Chatenet,dchatenetnm@deviantart.com,Female,219.179.153.60
852,Cecil,Batrim,cbatrimnn@time.com,Female,96.233.226.118
853,Sarene,Richemond,srichemondno@youtu.be,Female,241.151.216.188
854,Vida,Pautard,vpautardnp@adobe.com,Female,224.184.218.6
855,Cal,Plume,cplumenq@hc360.com,Male,136.205.175.28
856,Martie,Joslow,mjoslownr@tinyurl.com,Agender,3.57.52.179
857,Guthrey,Anstead,gansteadns@diigo.com,Male,222.58.182.113
858,Alyss,Caroll,acarollnt@godaddy.com,Female,155.113.214.241
859,Elroy,Rivelin,erivelinnu@ebay.com,Male,27.32.36.80
860,Alisander,Astles,aastlesnv@yale.edu,Male,48.100.248.5
861,Kiley,Drayn,kdraynnw@dion.ne.jp,Female,18.219.211.211
862,Albertine,Jenman,ajenmannx@tiny.cc,Female,52.63.183.176
863,Ken,Clines,kclinesny@oaic.gov.au,Male,152.51.138.222
864,Kerwinn,Pavlovsky,kpavlovskynz@zimbio.com,Male,120.96.21.111
865,Donavon,Wickwar,dwickwaro0@unc.edu,Male,70.218.246.157
866,Latia,Jenton,ljentono1@163.com,Female,231.85.20.222
867,Von,Kapelhoff,vkapelhoffo2@phpbb.com,Male,245.195.92.233
868,Eden,Clemendot,eclemendoto3@upenn.edu,Female,207.17.244.128
869,Lottie,Eusden,leusdeno4@vimeo.com,Female,218.195.68.126
870,Mendie,Shillabeare,mshillabeareo5@google.com.hk,Male,106.181.162.202
871,Whitney,Menichini,wmenichinio6@sbwire.com,Female,223.151.127.12
872,Lissy,Dubble,ldubbleo7@dedecms.com,Female,10.177.134.73
873,Neila,Queree,nquereeo8@elegantthemes.com,Female,202.191.143.186
874,Genia,MacElharge,gmacelhargeo9@pinterest.com,Female,118.150.158.51
875,Rip,Beebis,rbeebisoa@163.com,Male,18.78.193.113
876,Vinny,MacAlester,vmacalesterob@acquirethisname.com,Male,183.126.190.119
877,Dorise,Medley,dmedleyoc@time.com,Female,54.80.190.223
878,Lishe,Dayton,ldaytonod@quantcast.com,Female,146.34.212.249
879,Elysia,Leese,eleeseoe@twitpic.com,Bigender,19.152.28.236
880,Jerry,Mabone,jmaboneof@ucoz.ru,Male,127.111.210.217
881,Reeba,MacVean,rmacveanog@geocities.com,Female,121.6.29.167
882,Bill,Copelli,bcopellioh@yellowbook.com,Male,56.92.141.170
883,Wally,Kmiec,wkmiecoi@jimdo.com,Female,66.236.110.170
884,Junie,Madgwick,jmadgwickoj@ycombinator.com,Female,139.16.8.98
885,Eulalie,Silbersak,esilbersakok@free.fr,Female,193.79.41.251
886,Louie,Farrell,lfarrellol@stumbleupon.com,Male,88.116.69.5
887,Shandie,Twinning,stwinningom@ning.com,Female,19.55.182.169
888,Vladamir,Tevlin,vtevlinon@rediff.com,Male,114.57.115.201
889,Boothe,Fitzsimmons,bfitzsimmonsoo@de.vu,Male,93.226.77.235
890,Fredrick,Gilbee,fgilbeeop@ebay.com,Male,169.138.165.156
891,Rutger,Milliere,rmilliereoq@newsvine.com,Male,122.43.127.13
892,Winnie,Minto,wmintoor@wired.com,Male,210.39.164.43
893,Karel,Dalziel,kdalzielos@ox.ac.uk,Female,244.155.10.14
894,Jarad,Greathead,jgreatheadot@newyorker.com,Male,116.156.78.195
895,Myrah,Taill,mtaillou@moonfruit.com,Bigender,8.148.19.18
896,Ashton,Hadye,ahadyeov@altervista.org,Male,9.229.169.75
897,Bryon,Wastall,bwastallow@t-online.de,Male,185.20.107.1
898,Jefferey,Woofinden,jwoofindenox@irs.gov,Male,234.14.243.86
899,Merrel,Stefi,mstefioy@army.mil,Bigender,122.9.123.64
900,Raquela,Zeal,rzealoz@japanpost.jp,Female,123.73.131.89
901,Karilynn,Tressler,ktresslerp0@apache.org,Female,214.27.29.26
902,Lucila,Eastment,leastmentp1@imdb.com,Female,55.158.57.238
903,Kennett,Dreger,kdregerp2@slashdot.org,Male,103.151.73.219
904,Emelita,Jelf,ejelfp3@google.ca,Female,78.156.30.0
905,Yule,Tesdale,ytesdalep4@bandcamp.com,Male,76.117.84.57
906,Chadwick,Shemelt,cshemeltp5@go.com,Polygender,244.143.163.170
907,Danny,Praill,dpraillp6@youtu.be,Agender,29.244.79.34
908,Mufi,Mackness,mmacknessp7@sciencedirect.com,Female,99.204.223.221
909,Sunny,Du Pre,sduprep8@illinois.edu,Male,61.16.191.25
910,Al,Weildish,aweildishp9@cbc.ca,Male,58.100.140.206
911,Audi,Romayne,aromaynepa@blogspot.com,Female,128.135.134.154
912,Gussy,Toomer,gtoomerpb@merriam-webster.com,Female,132.128.117.248
913,Larisa,Schlag,lschlagpc@ovh.net,Female,138.180.0.179
914,Willow,Sibbet,wsibbetpd@ehow.com,Female,169.195.59.149
915,Eleen,Lethlay,elethlaype@china.com.cn,Female,46.90.194.83
916,Eugenio,Behninck,ebehninckpf@dailymail.co.uk,Male,65.208.130.30
917,Fields,Jacobsson,fjacobssonpg@freewebs.com,Male,134.23.179.89
918,Trey,Ramsden,tramsdenph@wunderground.com,Genderqueer,79.222.232.81
919,Ruprecht,Boraston,rborastonpi@diigo.com,Male,235.18.187.157
920,Niall,Nares,nnarespj@google.de,Male,3.255.184.230
921,Kailey,Vaissiere,kvaissierepk@ustream.tv,Female,72.26.167.77
922,Killie,Shephard,kshephardpl@reverbnation.com,Male,44.169.170.171
923,Trina,Dobbs,tdobbspm@sina.com.cn,Female,66.14.6.208
924,Claudette,Conwell,cconwellpn@paypal.com,Female,154.63.203.72
925,Jasmin,Aitkin,jaitkinpo@biblegateway.com,Genderfluid,25.116.72.201
926,Artair,Bifield,abifieldpp@privacy.gov.au,Male,5.40.161.108
927,Becky,Zanelli,bzanellipq@jugem.jp,Female,65.6.101.225
928,Don,Blackborn,dblackbornpr@webnode.com,Bigender,68.178.213.210
929,Ivette,Fishburn,ifishburnps@weebly.com,Female,25.97.152.114
930,Audrey,Joskowitz,ajoskowitzpt@phoca.cz,Female,152.56.55.0
931,Fabien,Harcombe,fharcombepu@mail.ru,Male,62.116.108.191
932,Aurie,Milesap,amilesappv@economist.com,Female,191.96.80.70
933,Banky,Rochell,brochellpw@yale.edu,Male,125.244.94.51
934,Anna-maria,McFarlan,amcfarlanpx@weibo.com,Female,140.44.191.3
935,Lynnea,Fane,lfanepy@wikimedia.org,Female,29.249.95.2
936,Briano,Kearney,bkearneypz@techcrunch.com,Male,199.223.238.236
937,Ginelle,Thurner,gthurnerq0@wp.com,Female,7.102.63.60
938,Marna,Ferneyhough,mferneyhoughq1@gmpg.org,Female,219.235.16.49
939,Kory,Bessent,kbessentq2@howstuffworks.com,Male,195.226.162.225
940,Myrtie,Viggers,mviggersq3@plala.or.jp,Female,179.192.176.47
941,Diana,Boarer,dboarerq4@scribd.com,Bigender,196.15.118.216
942,Launce,Chatel,lchatelq5@cnet.com,Male,77.242.98.69
943,Audi,Dellatorre,adellatorreq6@geocities.jp,Female,86.103.60.103
944,Lauritz,Aldiss,laldissq7@dyndns.org,Male,85.197.214.183
945,Barnard,Ainsby,bainsbyq8@surveymonkey.com,Male,99.239.50.72
946,Cherlyn,Shale,cshaleq9@gov.uk,Female,118.85.115.45
947,Marguerite,Morehall,mmorehallqa@163.com,Female,75.239.58.244
948,Lindon,De Lascy,ldelascyqb@freewebs.com,Male,46.47.87.136
949,Ronica,Radin,rradinqc@mit.edu,Female,224.179.141.138
950,Stanleigh,Kirwin,skirwinqd@instagram.com,Male,7.109.34.104
951,Frazier,Voisey,fvoiseyqe@github.io,Male,146.134.66.88
952,Rosita,McDiarmid,rmcdiarmidqf@free.fr,Female,240.52.7.67
953,Hyacinth,Whissell,hwhissellqg@rambler.ru,Female,231.170.222.17
954,Amata,Wraggs,awraggsqh@slate.com,Female,12.214.54.137
955,Troy,Bissiker,tbissikerqi@ask.com,Male,3.126.118.47
956,Goddard,Shadfourth,gshadfourthqj@fema.gov,Male,161.208.94.242
957,Daffy,Feavearyear,dfeavearyearqk@ovh.net,Female,59.205.92.66
958,Stephi,Briton,sbritonql@wired.com,Female,196.15.201.6
959,Costanza,Peasby,cpeasbyqm@soup.io,Female,52.0.164.27
960,Rolph,Cheavin,rcheavinqn@jimdo.com,Male,184.45.105.120
961,Vilhelmina,Firebrace,vfirebraceqo@bloomberg.com,Agender,250.66.30.53
962,Eveline,Kemmett,ekemmettqp@alibaba.com,Female,114.196.189.182
963,Karin,MacIlhagga,kmacilhaggaqq@artisteer.com,Female,31.84.31.222
964,Cosme,MacLice,cmacliceqr@businessweek.com,Male,125.174.89.173
965,Maryanna,Overlow,moverlowqs@europa.eu,Female,25.255.15.128
966,Annabella,Santen,asantenqt@state.gov,Female,173.80.6.40
967,Clive,Wagon,cwagonqu@last.fm,Male,166.241.137.128
968,Wileen,Baude,wbaudeqv@t.co,Bigender,233.8.133.159
969,Misty,Clewes,mclewesqw@toplist.cz,Female,228.92.227.141
970,Malvin,Cawson,mcawsonqx@ucla.edu,Genderqueer,146.92.157.172
971,Dyana,Bracer,dbracerqy@scribd.com,Polygender,61.139.111.249
972,Finley,Stenett,fstenettqz@alexa.com,Male,185.201.2.166
973,Zebedee,Rickeard,zrickeardr0@ning.com,Male,118.249.246.214
974,Brittni,Crossfield,bcrossfieldr1@java.com,Bigender,35.177.222.96
975,Jeane,Pagel,jpagelr2@dmoz.org,Female,143.9.203.11
976,Garik,Finessy,gfinessyr3@google.com.au,Male,246.116.41.53
977,Adrianne,Curryer,acurryerr4@macromedia.com,Female,205.144.210.225
978,Sinclare,Krishtopaittis,skrishtopaittisr5@1und1.de,Male,45.182.211.247
979,Artur,Kopke,akopker6@chron.com,Male,94.157.80.105
980,Sutherlan,Laurencot,slaurencotr7@google.cn,Male,203.203.135.116
981,Rosabel,Poone,rpooner8@addtoany.com,Female,167.59.230.13
982,Bordie,Craze,bcrazer9@boston.com,Male,196.249.138.206
983,Kitty,Kornel,kkornelra@lycos.com,Female,134.223.152.119
984,Joe,Lindl,jlindlrb@nature.com,Male,228.204.240.178
985,Rora,Kermode,rkermoderc@loc.gov,Female,128.36.38.99
986,Morgana,Gradly,mgradlyrd@tumblr.com,Female,176.149.74.227
987,Opalina,Moreton,omoretonre@discovery.com,Female,238.240.105.153
988,Erin,Kenwood,ekenwoodrf@pbs.org,Male,189.120.131.24
989,Raffarty,Sagerson,rsagersonrg@weebly.com,Male,228.7.213.220
990,Marna,Grevatt,mgrevattrh@adobe.com,Female,50.3.136.56
991,Allyn,Mungane,amunganeri@discovery.com,Polygender,206.3.145.42
992,Sylas,Dewitt,sdewittrj@g.co,Male,218.211.49.245
993,Luce,Hannis,lhannisrk@google.pl,Male,91.13.215.204
994,Pincus,Dinjes,pdinjesrl@goo.gl,Male,91.38.110.113
995,Melonie,Arnecke,marneckerm@mapy.cz,Female,162.189.175.194
996,Mallory,Palatini,mpalatinirn@vimeo.com,Male,69.112.199.62
997,Jeremie,Burder,jburderro@opensource.org,Male,220.6.204.29
998,Anastasie,Poyner,apoynerrp@shareasale.com,Female,154.167.35.8
999,Ambrosi,Rankcom,arankcomrq@deliciousdays.com,Male,17.115.216.122
1000,Phoebe,Cucinotta,pcucinottarr@columbia.edu,Female,15.117.24.238
